time_category,users,pct_ab,pct_ghost,avg_first_sess,pct_returned
Business hours (9-17h),1127,10.204081632653061,27.684117125110912,5.459627329192546,53.859804791481814
"Early morning (7-8h, 23h)",190,11.578947368421053,31.57894736842105,5.9,51.05263157894737
Evening (18-22h),245,11.020408163265307,32.6530612244898,5.330612244897959,55.91836734693878
Night (0-6h),360,13.333333333333334,27.77777777777778,5.230555555555555,53.333333333333336
