threshold_h,n_early,pct_ab_early,n_late,pct_ab_late
6,905,25.635359116022098,408,5.88235294117647
12,957,24.555903866248695,356,5.8988764044943816
24,1057,22.8003784295175,256,5.859375
48,1136,21.919014084507044,177,3.954802259887006
72,1180,21.10169491525424,133,5.263157894736842
168,1246,20.38523274478331,67,2.9850746268656714
