signup_is_weekend,users,pct_ab,pct_ghost,avg_first,pct_ret
,2849,2.562302562302562,87.22358722358723,1.6261846261846262,9.828009828009828
Weekday,1479,11.899932386747803,29.344151453684926,4.978363759296822,57.87694388100068
Weekend,443,8.126410835214447,26.63656884875846,6.997742663656885,39.954853273137694
