struggle_class,users,avg_quality_score,avg_abandonment_risk,avg_recovery_intensity,avg_churn_probability,avg_builder_momentum,pct_agent_builder
Abandonment-prone struggle,121,0.31648798130104633,0.6867864749355672,0.3575464318449581,0.8910391772431843,0.16654569963160448,33.88429752066116
Mixed/uncertain struggle,231,0.30688091073619855,0.34918710642921535,0.36680579749257064,0.15436628019703508,0.20018508235781324,17.316017316017316
No visible struggle,4404,0.06323208943402962,0.6238696393879954,0.0002025267332419283,0.16415475419554526,0.13772734345401574,4.4959128065395095
Productive struggle,15,0.5310754836665162,0.24442934390576487,0.5789038280429318,0.11305844184208723,0.4895251557972067,40.0
